,mlp,rf,dt,sv,kn
mlp,-1.0,0.00619,0.76327,0.27586,0.2109
rf,0.00619,-1.0,0.001,0.60275,0.68301
dt,0.76327,0.001,-1.0,0.016,0.01007
sv,0.27586,0.60275,0.016,-1.0,0.9
kn,0.2109,0.68301,0.01007,0.9,-1.0
